Test,Session,LapNumber,Driver,Team,LapTime,Sector1Time,Sector2Time,Sector3Time,SpeedI1,SpeedI2,SpeedFL,SpeedST,Compound,TyreLife,FreshTyre,Position,LapTimeSec,Sector1TimeSec,Sector2TimeSec,Sector3TimeSec
1,1,1.0,BOR,Audi,,,0 days 00:00:49.993000,0 days 00:00:28.535000,201.0,211.0,218.0,179.0,MEDIUM,1.0,True,,,,49.993,28.535
1,1,2.0,BOR,Audi,0 days 00:01:56.903000,0 days 00:00:37.452000,0 days 00:00:48.087000,0 days 00:00:31.364000,213.0,218.0,,218.0,MEDIUM,2.0,True,,116.903,37.452,48.087,31.364
1,1,3.0,BOR,Audi,,,0 days 00:00:48.822000,0 days 00:00:27.395000,213.0,219.0,219.0,164.0,MEDIUM,1.0,True,,,,48.822,27.395
1,1,4.0,BOR,Audi,0 days 00:01:55.686000,0 days 00:00:36.917000,0 days 00:00:48.441000,0 days 00:00:30.328000,214.0,219.0,,218.0,MEDIUM,2.0,True,,115.686,36.917,48.441,30.328
1,1,5.0,BOR,Audi,,,0 days 00:00:46.775000,0 days 00:00:25.681000,217.0,231.0,262.0,187.0,MEDIUM,3.0,False,,,,46.775,25.681
1,1,6.0,BOR,Audi,0 days 00:01:47.149000,0 days 00:00:32.688000,0 days 00:00:45.834000,0 days 00:00:28.627000,224.0,234.0,,288.0,MEDIUM,4.0,False,,107.149,32.688,45.834,28.627
1,1,7.0,BOR,Audi,0 days 00:02:21.032000,0 days 00:01:11.458000,0 days 00:00:45.138000,0 days 00:00:24.436000,218.0,236.0,295.0,190.0,MEDIUM,5.0,False,,141.032,71.458,45.138,24.436
1,1,8.0,BOR,Audi,0 days 00:01:44.846000,0 days 00:00:32.258000,0 days 00:00:44.634000,0 days 00:00:27.954000,220.0,237.0,,299.0,MEDIUM,6.0,False,,104.846,32.258,44.634,27.954
1,1,9.0,BOR,Audi,0 days 00:02:18.687000,0 days 00:01:08.928000,0 days 00:00:44.983000,0 days 00:00:24.776000,220.0,238.0,261.0,196.0,MEDIUM,7.0,False,,138.687,68.928,44.983,24.776
1,1,10.0,BOR,Audi,0 days 00:01:48.023000,0 days 00:00:34.392000,0 days 00:00:44.901000,0 days 00:00:28.730000,221.0,239.0,,286.0,MEDIUM,8.0,False,,108.023,34.392,44.901,28.73
1,1,11.0,BOR,Audi,,,0 days 00:00:48.300000,0 days 00:00:29.387000,212.0,214.0,301.0,117.0,MEDIUM,9.0,False,,,,48.3,29.387
1,1,12.0,BOR,Audi,0 days 00:01:45.712000,0 days 00:00:32.161000,0 days 00:00:44.751000,0 days 00:00:28.800000,217.0,219.0,,300.0,MEDIUM,10.0,False,,105.712,32.161,44.751,28.8
1,1,13.0,BOR,Audi,,0 days 00:01:20.826000,0 days 00:00:53.395000,0 days 00:00:26.579000,183.0,217.0,294.0,136.0,MEDIUM,10.0,False,,,80.826,53.395,26.579
1,1,14.0,BOR,Audi,0 days 00:01:41.044000,0 days 00:00:32.137000,0 days 00:00:44.614000,0 days 00:00:24.293000,220.0,234.0,294.0,297.0,MEDIUM,11.0,False,,101.044,32.137,44.614,24.293
1,1,15.0,BOR,Audi,0 days 00:02:12.749000,0 days 00:00:43.834000,0 days 00:01:00.568000,0 days 00:00:28.347000,117.0,188.0,302.0,197.0,MEDIUM,12.0,False,,132.749,43.834,60.568,28.347
1,1,16.0,BOR,Audi,0 days 00:01:40.659000,0 days 00:00:31.772000,0 days 00:00:44.800000,0 days 00:00:24.087000,222.0,235.0,290.0,302.0,MEDIUM,13.0,False,,100.659,31.772,44.8,24.087
1,1,17.0,BOR,Audi,0 days 00:02:03.393000,0 days 00:00:39.882000,0 days 00:00:51.764000,0 days 00:00:31.747000,172.0,211.0,,197.0,MEDIUM,14.0,False,,123.393,39.882,51.764,31.747
1,1,18.0,BOR,Audi,,,0 days 00:00:55.324000,,214.0,220.0,,133.0,MEDIUM,3.0,False,,,,55.324,
1,1,19.0,BOR,Audi,,,0 days 00:00:48.659000,0 days 00:00:26.434000,213.0,224.0,305.0,150.0,MEDIUM,3.0,False,,,,48.659,26.434
1,1,20.0,BOR,Audi,0 days 00:01:39.281000,0 days 00:00:31.265000,0 days 00:00:43.881000,0 days 00:00:24.135000,226.0,232.0,279.0,305.0,MEDIUM,4.0,False,,99.281,31.265,43.881,24.135
1,1,21.0,BOR,Audi,0 days 00:02:23.340000,0 days 00:00:45.079000,0 days 00:01:08.262000,0 days 00:00:29.999000,122.0,164.0,306.0,183.0,MEDIUM,5.0,False,,143.34,45.079,68.262,29.999
1,1,22.0,BOR,Audi,0 days 00:01:39.887000,0 days 00:00:31.459000,0 days 00:00:44.183000,0 days 00:00:24.245000,224.0,232.0,276.0,306.0,MEDIUM,6.0,False,,99.887,31.459,44.183,24.245
1,1,23.0,BOR,Audi,,0 days 00:00:46.407000,0 days 00:01:13.141000,0 days 00:00:32.095000,102.0,169.0,303.0,262.0,MEDIUM,7.0,False,,,46.407,73.141,32.095
1,1,24.0,BOR,Audi,0 days 00:01:46.352000,0 days 00:00:31.908000,0 days 00:00:46.414000,0 days 00:00:28.030000,225.0,224.0,,302.0,MEDIUM,8.0,False,,106.352,31.908,46.414,28.03
1,1,25.0,BOR,Audi,,,0 days 00:00:56.483000,0 days 00:00:32.492000,159.0,188.0,,162.0,SOFT,1.0,True,,,,56.483,32.492
1,1,26.0,BOR,Audi,,,0 days 00:00:48.152000,0 days 00:00:26.061000,212.0,227.0,306.0,164.0,SOFT,2.0,False,,,,48.152,26.061
1,1,27.0,BOR,Audi,0 days 00:01:38.871000,0 days 00:00:30.692000,0 days 00:00:44.321000,0 days 00:00:23.858000,227.0,237.0,295.0,310.0,SOFT,3.0,False,,98.871,30.692,44.321,23.858
1,1,28.0,BOR,Audi,,0 days 00:00:52.213000,0 days 00:01:22.567000,0 days 00:00:40.028000,92.0,186.0,308.0,134.0,SOFT,4.0,False,,,52.213,82.567,40.028
1,1,29.0,BOR,Audi,0 days 00:02:14.973000,0 days 00:00:44.994000,0 days 00:00:56.159000,0 days 00:00:33.820000,153.0,182.0,,306.0,SOFT,5.0,False,,134.973,44.994,56.159,33.82
1,1,30.0,BOR,Audi,,,0 days 00:00:47.662000,0 days 00:00:25.232000,218.0,227.0,305.0,182.0,SOFT,1.0,True,,,,47.662,25.232
1,1,31.0,BOR,Audi,0 days 00:01:40.839000,0 days 00:00:32.021000,0 days 00:00:44.514000,0 days 00:00:24.304000,219.0,239.0,303.0,299.0,SOFT,2.0,True,,100.839,32.021,44.514,24.304
1,1,32.0,BOR,Audi,0 days 00:01:45.733000,0 days 00:00:31.797000,0 days 00:00:48.361000,0 days 00:00:25.575000,221.0,234.0,298.0,303.0,SOFT,3.0,True,,105.733,31.797,48.361,25.575
1,1,33.0,BOR,Audi,0 days 00:01:42.368000,0 days 00:00:32.372000,0 days 00:00:45.100000,0 days 00:00:24.896000,220.0,233.0,298.0,301.0,SOFT,4.0,True,,102.368,32.372,45.1,24.896
1,1,34.0,BOR,Audi,0 days 00:01:42.497000,0 days 00:00:32.458000,0 days 00:00:45.295000,0 days 00:00:24.744000,219.0,239.0,300.0,301.0,SOFT,5.0,True,,102.497,32.458,45.295,24.744
1,1,35.0,BOR,Audi,0 days 00:01:42.451000,0 days 00:00:32.208000,0 days 00:00:45.430000,0 days 00:00:24.813000,217.0,235.0,302.0,298.0,SOFT,6.0,True,,102.451,32.208,45.43,24.813
1,1,36.0,BOR,Audi,0 days 00:01:42.333000,0 days 00:00:32.115000,0 days 00:00:45.506000,0 days 00:00:24.712000,216.0,231.0,300.0,297.0,SOFT,7.0,True,,102.333,32.115,45.506,24.712
1,1,37.0,BOR,Audi,0 days 00:01:54.310000,0 days 00:00:32.408000,0 days 00:00:56.896000,0 days 00:00:25.006000,218.0,232.0,289.0,297.0,SOFT,8.0,True,,114.31,32.408,56.896,25.006
1,1,38.0,BOR,Audi,0 days 00:01:55.543000,0 days 00:00:32.693000,0 days 00:00:51.987000,0 days 00:00:30.863000,217.0,229.0,,293.0,SOFT,9.0,True,,115.543,32.693,51.987,30.863
1,1,39.0,BOR,Audi,,,0 days 00:00:51.156000,0 days 00:00:26.553000,180.0,169.0,299.0,109.0,SOFT,1.0,True,,,,51.156,26.553
1,1,40.0,BOR,Audi,0 days 00:01:40.615000,0 days 00:00:31.886000,0 days 00:00:44.528000,0 days 00:00:24.201000,218.0,234.0,304.0,302.0,SOFT,2.0,True,,100.615,31.886,44.528,24.201
1,1,41.0,BOR,Audi,0 days 00:01:40.771000,0 days 00:00:31.731000,0 days 00:00:44.524000,0 days 00:00:24.516000,217.0,238.0,303.0,305.0,SOFT,3.0,True,,100.771,31.731,44.524,24.516
1,1,42.0,BOR,Audi,0 days 00:01:41.135000,0 days 00:00:31.786000,0 days 00:00:44.909000,0 days 00:00:24.440000,217.0,237.0,303.0,296.0,SOFT,4.0,True,,101.135,31.786,44.909,24.44
1,1,43.0,BOR,Audi,0 days 00:01:41.759000,0 days 00:00:31.988000,0 days 00:00:45.169000,0 days 00:00:24.602000,216.0,232.0,302.0,300.0,SOFT,5.0,True,,101.759,31.988,45.169,24.602
1,1,44.0,BOR,Audi,0 days 00:01:42.682000,0 days 00:00:32.049000,0 days 00:00:45.947000,0 days 00:00:24.686000,219.0,234.0,302.0,297.0,SOFT,6.0,True,,102.682,32.049,45.947,24.686
1,1,45.0,BOR,Audi,0 days 00:01:44.785000,0 days 00:00:32.049000,0 days 00:00:47.858000,0 days 00:00:24.878000,217.0,234.0,300.0,301.0,SOFT,7.0,True,,104.785,32.049,47.858,24.878
1,1,46.0,BOR,Audi,0 days 00:01:41.776000,0 days 00:00:32.002000,0 days 00:00:45.195000,0 days 00:00:24.579000,217.0,236.0,302.0,297.0,SOFT,8.0,True,,101.776,32.002,45.195,24.579
1,1,47.0,BOR,Audi,0 days 00:01:43.311000,0 days 00:00:32.217000,0 days 00:00:46.054000,0 days 00:00:25.040000,218.0,233.0,298.0,298.0,SOFT,9.0,True,,103.311,32.217,46.054,25.04
1,1,48.0,BOR,Audi,0 days 00:01:42.951000,0 days 00:00:32.293000,0 days 00:00:45.768000,0 days 00:00:24.890000,219.0,231.0,299.0,298.0,SOFT,10.0,True,,102.951,32.293,45.768,24.89
1,1,49.0,BOR,Audi,0 days 00:02:08.021000,0 days 00:00:38.682000,0 days 00:00:55.684000,0 days 00:00:33.655000,157.0,186.0,,233.0,SOFT,11.0,True,,128.021,38.682,55.684,33.655
1,2,1.0,BOR,Audi,,,0 days 00:00:47.603000,0 days 00:00:26.756000,216.0,228.0,282.0,166.0,MEDIUM,14.0,False,,,,47.603,26.756
1,2,2.0,BOR,Audi,0 days 00:01:41.346000,0 days 00:00:32.200000,0 days 00:00:44.753000,0 days 00:00:24.393000,218.0,228.0,275.0,297.0,MEDIUM,15.0,False,,101.346,32.2,44.753,24.393
1,2,3.0,BOR,Audi,0 days 00:02:03.051000,0 days 00:00:39.203000,0 days 00:00:57.125000,0 days 00:00:26.723000,165.0,213.0,285.0,197.0,MEDIUM,16.0,False,,123.051,39.203,57.125,26.723
1,2,4.0,BOR,Audi,0 days 00:01:40.571000,0 days 00:00:31.442000,0 days 00:00:44.766000,0 days 00:00:24.363000,220.0,227.0,283.0,303.0,MEDIUM,17.0,False,,100.571,31.442,44.766,24.363
1,2,5.0,BOR,Audi,0 days 00:01:57.046000,0 days 00:00:38.551000,0 days 00:00:51.413000,0 days 00:00:27.082000,203.0,200.0,283.0,253.0,MEDIUM,18.0,False,,117.046,38.551,51.413,27.082
1,2,6.0,BOR,Audi,0 days 00:01:40.809000,0 days 00:00:31.546000,0 days 00:00:44.514000,0 days 00:00:24.749000,218.0,230.0,264.0,305.0,MEDIUM,19.0,False,,100.809,31.546,44.514,24.749
1,2,7.0,BOR,Audi,0 days 00:02:04.409000,0 days 00:00:38.346000,0 days 00:00:55.467000,0 days 00:00:30.596000,195.0,218.0,,214.0,MEDIUM,20.0,False,,124.409,38.346,55.467,30.596
1,2,8.0,BOR,Audi,,,0 days 00:00:48.875000,0 days 00:00:26.386000,199.0,219.0,283.0,165.0,SOFT,12.0,False,,,,48.875,26.386
1,2,9.0,BOR,Audi,0 days 00:01:40.176000,0 days 00:00:31.613000,0 days 00:00:43.974000,0 days 00:00:24.589000,219.0,227.0,262.0,295.0,SOFT,13.0,False,,100.176,31.613,43.974,24.589
1,2,10.0,BOR,Audi,0 days 00:01:59.197000,0 days 00:00:37.509000,0 days 00:00:50.514000,0 days 00:00:31.174000,183.0,218.0,,205.0,SOFT,14.0,False,,119.197,37.509,50.514,31.174
1,2,11.0,BOR,Audi,,,0 days 00:00:47.891000,0 days 00:00:26.096000,217.0,230.0,283.0,122.0,HARD,1.0,True,,,,47.891,26.096
1,2,12.0,BOR,Audi,0 days 00:01:37.977000,0 days 00:00:30.955000,0 days 00:00:43.314000,0 days 00:00:23.708000,220.0,229.0,299.0,309.0,HARD,2.0,True,,97.977,30.955,43.314,23.708
1,2,13.0,BOR,Audi,0 days 00:02:04.865000,0 days 00:00:39.778000,0 days 00:00:59.441000,0 days 00:00:25.646000,170.0,210.0,286.0,227.0,HARD,3.0,True,,124.865,39.778,59.441,25.646
1,2,14.0,BOR,Audi,0 days 00:01:39.011000,0 days 00:00:31.198000,0 days 00:00:43.815000,0 days 00:00:23.998000,221.0,229.0,298.0,294.0,HARD,4.0,True,,99.011,31.198,43.815,23.998
1,2,15.0,BOR,Audi,0 days 00:02:00.827000,0 days 00:00:37.790000,0 days 00:00:50.889000,0 days 00:00:32.148000,183.0,184.0,,289.0,HARD,5.0,True,,120.827,37.79,50.889,32.148
1,2,16.0,BOR,Audi,0 days 00:02:28.245000,0 days 00:01:18.517000,0 days 00:00:45.382000,0 days 00:00:24.346000,218.0,233.0,298.0,152.0,HARD,6.0,False,,148.245,78.517,45.382,24.346
1,2,17.0,BOR,Audi,0 days 00:01:40.410000,0 days 00:00:31.579000,0 days 00:00:44.428000,0 days 00:00:24.403000,222.0,237.0,298.0,293.0,HARD,7.0,False,,100.41,31.579,44.428,24.403
1,2,18.0,BOR,Audi,0 days 00:01:40.293000,0 days 00:00:31.537000,0 days 00:00:44.398000,0 days 00:00:24.358000,221.0,235.0,301.0,295.0,HARD,8.0,False,,100.293,31.537,44.398,24.358
1,2,19.0,BOR,Audi,0 days 00:01:40.166000,0 days 00:00:31.551000,0 days 00:00:44.286000,0 days 00:00:24.329000,221.0,234.0,301.0,296.0,HARD,9.0,False,,100.166,31.551,44.286,24.329
1,2,20.0,BOR,Audi,0 days 00:01:40.091000,0 days 00:00:31.539000,0 days 00:00:44.289000,0 days 00:00:24.263000,221.0,234.0,302.0,292.0,HARD,10.0,False,,100.091,31.539,44.289,24.263
1,2,21.0,BOR,Audi,,,,,,,,,HARD,11.0,False,,,,,
1,2,22.0,BOR,Audi,,,0 days 00:00:47.593000,0 days 00:00:26.080000,217.0,233.0,286.0,166.0,MEDIUM,1.0,True,,,,47.593,26.08
1,2,23.0,BOR,Audi,0 days 00:01:39.077000,0 days 00:00:30.608000,0 days 00:00:42.696000,0 days 00:00:25.773000,220.0,228.0,260.0,315.0,MEDIUM,2.0,True,,99.077,30.608,42.696,25.773
1,2,24.0,BOR,Audi,0 days 00:02:09.290000,0 days 00:00:52.799000,0 days 00:00:49.919000,0 days 00:00:26.572000,174.0,208.0,287.0,127.0,MEDIUM,3.0,True,,129.29,52.799,49.919,26.572
1,2,25.0,BOR,Audi,,0 days 00:00:30.766000,0 days 00:00:43.271000,,221.0,226.0,,308.0,MEDIUM,4.0,True,,,30.766,43.271,
1,2,26.0,BOR,Audi,,,0 days 00:00:44.457000,0 days 00:00:24.223000,220.0,236.0,300.0,83.0,MEDIUM,1.0,False,,,,44.457,24.223
1,2,27.0,BOR,Audi,0 days 00:01:39.438000,0 days 00:00:31.406000,0 days 00:00:43.760000,0 days 00:00:24.272000,221.0,232.0,298.0,293.0,MEDIUM,2.0,False,,99.438,31.406,43.76,24.272
1,2,28.0,BOR,Audi,0 days 00:01:39.911000,0 days 00:00:31.296000,0 days 00:00:44.359000,0 days 00:00:24.256000,222.0,232.0,299.0,295.0,MEDIUM,3.0,False,,99.911,31.296,44.359,24.256
1,2,29.0,BOR,Audi,0 days 00:01:39.635000,0 days 00:00:31.321000,0 days 00:00:44.005000,0 days 00:00:24.309000,222.0,233.0,303.0,295.0,MEDIUM,4.0,False,,99.635,31.321,44.005,24.309
1,2,30.0,BOR,Audi,0 days 00:01:40.507000,0 days 00:00:31.389000,0 days 00:00:44.687000,0 days 00:00:24.431000,222.0,233.0,299.0,301.0,MEDIUM,5.0,False,,100.507,31.389,44.687,24.431
1,2,31.0,BOR,Audi,0 days 00:01:40.260000,0 days 00:00:31.395000,0 days 00:00:44.514000,0 days 00:00:24.351000,220.0,232.0,297.0,299.0,MEDIUM,6.0,False,,100.26,31.395,44.514,24.351
1,2,32.0,BOR,Audi,0 days 00:01:40.266000,0 days 00:00:31.635000,0 days 00:00:44.343000,0 days 00:00:24.288000,220.0,233.0,301.0,293.0,MEDIUM,7.0,False,,100.266,31.635,44.343,24.288
1,2,33.0,BOR,Audi,0 days 00:01:40.599000,0 days 00:00:31.423000,0 days 00:00:44.678000,0 days 00:00:24.498000,219.0,233.0,295.0,296.0,MEDIUM,8.0,False,,100.599,31.423,44.678,24.498
1,2,34.0,BOR,Audi,0 days 00:01:40.413000,0 days 00:00:31.708000,0 days 00:00:44.341000,0 days 00:00:24.364000,220.0,232.0,298.0,294.0,MEDIUM,9.0,False,,100.413,31.708,44.341,24.364
1,2,35.0,BOR,Audi,0 days 00:02:01.364000,0 days 00:00:38.913000,0 days 00:00:51.152000,0 days 00:00:31.299000,206.0,218.0,,252.0,MEDIUM,10.0,False,,121.364,38.913,51.152,31.299
1,2,36.0,BOR,Audi,0 days 00:01:58.619000,0 days 00:00:37.235000,0 days 00:00:49.388000,0 days 00:00:31.996000,196.0,204.0,,242.0,MEDIUM,11.0,False,,118.619,37.235,49.388,31.996
1,2,37.0,BOR,Audi,,,,,196.0,204.0,298.0,242.0,SOFT,1.0,True,,,,,
1,2,38.0,BOR,Audi,,,0 days 00:00:46.644000,0 days 00:00:32.121000,220.0,231.0,288.0,179.0,SOFT,2.0,True,,,,46.644,32.121
1,2,39.0,BOR,Audi,0 days 00:02:10.073000,0 days 00:00:30.495000,0 days 00:01:02.876000,0 days 00:00:36.702000,221.0,101.0,289.0,312.0,SOFT,3.0,True,,130.073,30.495,62.876,36.702
1,2,40.0,BOR,Audi,0 days 00:01:36.670000,0 days 00:00:30.459000,0 days 00:00:42.803000,0 days 00:00:23.408000,220.0,227.0,300.0,309.0,SOFT,4.0,True,,96.67,30.459,42.803,23.408
1,2,41.0,BOR,Audi,0 days 00:02:19.814000,0 days 00:00:53.009000,0 days 00:00:58.564000,0 days 00:00:28.241000,132.0,203.0,289.0,146.0,SOFT,5.0,True,,139.814,53.009,58.564,28.241
1,2,42.0,BOR,Audi,0 days 00:02:04.500000,0 days 00:00:32.196000,0 days 00:01:03.546000,0 days 00:00:28.758000,211.0,165.0,289.0,313.0,SOFT,6.0,True,,124.5,32.196,63.546,28.758
1,2,43.0,BOR,Audi,0 days 00:01:36.931000,0 days 00:00:30.582000,0 days 00:00:42.800000,0 days 00:00:23.549000,221.0,227.0,303.0,313.0,SOFT,7.0,True,,96.931,30.582,42.8,23.549
1,2,44.0,BOR,Audi,0 days 00:02:11.339000,0 days 00:00:43.903000,0 days 00:00:57.615000,0 days 00:00:29.821000,157.0,174.0,293.0,194.0,SOFT,8.0,True,,131.339,43.903,57.615,29.821
1,2,45.0,BOR,Audi,0 days 00:01:45.340000,0 days 00:00:30.732000,0 days 00:00:43.272000,0 days 00:00:31.336000,221.0,193.0,,300.0,SOFT,9.0,True,,105.34,30.732,43.272,31.336
1,2,46.0,BOR,Audi,,0 days 00:01:12.052000,0 days 00:00:51.171000,0 days 00:00:32.018000,188.0,175.0,,126.0,SOFT,15.0,False,,,72.052,51.171,32.018
1,2,47.0,BOR,Audi,0 days 00:02:28.450000,0 days 00:01:16.052000,0 days 00:00:44.664000,0 days 00:00:27.734000,219.0,232.0,,188.0,SOFT,16.0,False,,148.45,76.052,44.664,27.734
1,2,48.0,BOR,Audi,,0 days 00:01:14.258000,,,113.0,,,191.0,SOFT,9.0,False,,,74.258,,
1,3,1.0,BOR,Audi,0 days 00:01:43.713000,,0 days 00:00:57.524000,0 days 00:00:27.864000,146.0,179.0,260.0,143.0,nan,,True,,103.713,,57.524,27.864
1,3,2.0,BOR,Audi,0 days 00:01:41.355000,0 days 00:00:32.632000,0 days 00:00:44.623000,0 days 00:00:24.100000,218.0,235.0,305.0,143.0,HARD,16.0,False,,101.355,32.632,44.623,24.1
1,3,3.0,BOR,Audi,0 days 00:01:48.216000,0 days 00:00:31.652000,0 days 00:00:51.573000,0 days 00:00:24.991000,217.0,226.0,258.0,287.0,HARD,17.0,False,,108.216,31.652,51.573,24.991
1,3,4.0,BOR,Audi,,0 days 00:00:34.736000,,,208.0,226.0,258.0,307.0,HARD,18.0,False,,,34.736,,
1,3,5.0,BOR,Audi,0 days 00:01:56.769000,0 days 00:00:34.736000,0 days 00:00:50.026000,0 days 00:00:32.007000,208.0,209.0,,285.0,HARD,19.0,False,,116.769,34.736,50.026,32.007
1,3,6.0,BOR,Audi,,,0 days 00:00:45.192000,0 days 00:00:24.908000,218.0,230.0,299.0,170.0,HARD,1.0,True,,,,45.192,24.908
1,3,7.0,BOR,Audi,0 days 00:01:38.588000,0 days 00:00:31.409000,0 days 00:00:43.204000,0 days 00:00:23.975000,218.0,236.0,301.0,297.0,HARD,2.0,True,,98.588,31.409,43.204,23.975
1,3,8.0,BOR,Audi,0 days 00:01:38.970000,0 days 00:00:31.503000,0 days 00:00:43.480000,0 days 00:00:23.987000,218.0,236.0,303.0,300.0,HARD,3.0,True,,98.97,31.503,43.48,23.987
1,3,9.0,BOR,Audi,0 days 00:02:21.991000,0 days 00:00:48.834000,0 days 00:01:06.381000,0 days 00:00:26.776000,46.0,160.0,305.0,290.0,HARD,4.0,True,,141.991,48.834,66.381,26.776
1,3,10.0,BOR,Audi,0 days 00:01:50.572000,0 days 00:00:31.265000,0 days 00:00:54.407000,0 days 00:00:24.900000,217.0,227.0,304.0,301.0,HARD,5.0,True,,110.572,31.265,54.407,24.9
1,3,11.0,BOR,Audi,0 days 00:01:38.641000,0 days 00:00:31.340000,0 days 00:00:43.381000,0 days 00:00:23.920000,217.0,236.0,306.0,299.0,HARD,6.0,True,,98.641,31.34,43.381,23.92
1,3,12.0,BOR,Audi,0 days 00:02:04.615000,0 days 00:00:36.794000,0 days 00:00:56.104000,0 days 00:00:31.717000,159.0,182.0,,308.0,HARD,7.0,True,,124.615,36.794,56.104,31.717
1,3,13.0,BOR,Audi,,,0 days 00:00:46.674000,0 days 00:00:24.726000,210.0,230.0,296.0,171.0,HARD,1.0,True,,,,46.674,24.726
1,3,14.0,BOR,Audi,0 days 00:01:38.868000,0 days 00:00:31.427000,0 days 00:00:43.359000,0 days 00:00:24.082000,218.0,240.0,305.0,298.0,HARD,2.0,True,,98.868,31.427,43.359,24.082
1,3,15.0,BOR,Audi,0 days 00:01:38.251000,0 days 00:00:30.986000,0 days 00:00:43.273000,0 days 00:00:23.992000,217.0,240.0,303.0,308.0,HARD,3.0,True,,98.251,30.986,43.273,23.992
1,3,16.0,BOR,Audi,0 days 00:02:16.755000,0 days 00:00:44.639000,0 days 00:01:04.760000,0 days 00:00:27.356000,119.0,187.0,304.0,212.0,HARD,4.0,True,,136.755,44.639,64.76,27.356
1,3,17.0,BOR,Audi,0 days 00:01:38.276000,0 days 00:00:31.068000,0 days 00:00:43.320000,0 days 00:00:23.888000,218.0,236.0,304.0,303.0,HARD,5.0,True,,98.276,31.068,43.32,23.888
1,3,18.0,BOR,Audi,0 days 00:01:38.925000,0 days 00:00:31.181000,0 days 00:00:43.678000,0 days 00:00:24.066000,217.0,235.0,301.0,301.0,HARD,6.0,True,,98.925,31.181,43.678,24.066
1,3,19.0,BOR,Audi,0 days 00:02:08.246000,0 days 00:00:43.879000,0 days 00:00:54.716000,0 days 00:00:29.651000,113.0,218.0,,203.0,HARD,7.0,True,,128.246,43.879,54.716,29.651
1,3,20.0,BOR,Audi,,,0 days 00:00:47.460000,0 days 00:00:26.328000,210.0,217.0,306.0,179.0,HARD,1.0,True,,,,47.46,26.328
1,3,21.0,BOR,Audi,0 days 00:01:40.919000,0 days 00:00:31.251000,0 days 00:00:43.497000,0 days 00:00:26.171000,216.0,240.0,305.0,308.0,HARD,2.0,True,,100.919,31.251,43.497,26.171
1,3,22.0,BOR,Audi,0 days 00:01:40.161000,0 days 00:00:31.327000,0 days 00:00:43.944000,0 days 00:00:24.890000,217.0,236.0,288.0,308.0,HARD,3.0,True,,100.161,31.327,43.944,24.89
1,3,23.0,BOR,Audi,0 days 00:02:17.334000,0 days 00:00:43.309000,0 days 00:01:05.664000,0 days 00:00:28.361000,146.0,186.0,304.0,160.0,HARD,4.0,True,,137.334,43.309,65.664,28.361
1,3,24.0,BOR,Audi,0 days 00:01:39.779000,0 days 00:00:31.640000,0 days 00:00:44.034000,0 days 00:00:24.105000,217.0,235.0,302.0,304.0,HARD,5.0,True,,99.779,31.64,44.034,24.105
1,3,25.0,BOR,Audi,0 days 00:01:40.556000,0 days 00:00:31.497000,0 days 00:00:44.162000,0 days 00:00:24.897000,216.0,235.0,303.0,297.0,HARD,6.0,True,,100.556,31.497,44.162,24.897
1,3,26.0,BOR,Audi,0 days 00:02:02.497000,0 days 00:00:36.649000,0 days 00:00:54.862000,0 days 00:00:30.986000,202.0,187.0,,204.0,HARD,7.0,True,,122.497,36.649,54.862,30.986
1,3,27.0,BOR,Audi,,,0 days 00:00:49.617000,0 days 00:00:27.669000,212.0,214.0,293.0,126.0,INTERMEDIATE,1.0,True,,,,49.617,27.669
1,3,28.0,BOR,Audi,0 days 00:01:50.042000,0 days 00:00:31.353000,0 days 00:00:53.960000,0 days 00:00:24.729000,217.0,225.0,270.0,311.0,INTERMEDIATE,2.0,True,,110.042,31.353,53.96,24.729
1,3,29.0,BOR,Audi,0 days 00:02:05.500000,0 days 00:00:42.752000,0 days 00:00:56.538000,0 days 00:00:26.210000,144.0,212.0,304.0,286.0,INTERMEDIATE,3.0,True,,125.5,42.752,56.538,26.21
1,3,30.0,BOR,Audi,0 days 00:01:40.706000,0 days 00:00:31.904000,0 days 00:00:44.456000,0 days 00:00:24.346000,217.0,235.0,304.0,302.0,INTERMEDIATE,4.0,True,,100.706,31.904,44.456,24.346
1,3,31.0,BOR,Audi,0 days 00:01:40.537000,0 days 00:00:31.559000,0 days 00:00:44.203000,0 days 00:00:24.775000,216.0,235.0,303.0,304.0,INTERMEDIATE,5.0,True,,100.537,31.559,44.203,24.775
1,3,32.0,BOR,Audi,0 days 00:01:44.313000,0 days 00:00:31.613000,0 days 00:00:44.394000,0 days 00:00:28.306000,215.0,234.0,,302.0,INTERMEDIATE,6.0,True,,104.313,31.613,44.394,28.306
1,3,33.0,BOR,Audi,0 days 00:02:08.928000,0 days 00:00:59.731000,0 days 00:00:44.330000,0 days 00:00:24.867000,216.0,227.0,260.0,203.0,INTERMEDIATE,7.0,True,,128.928,59.731,44.33,24.867
1,3,34.0,BOR,Audi,0 days 00:01:41.098000,0 days 00:00:32.326000,0 days 00:00:44.404000,0 days 00:00:24.368000,216.0,236.0,303.0,286.0,INTERMEDIATE,8.0,True,,101.098,32.326,44.404,24.368
1,3,35.0,BOR,Audi,0 days 00:01:40.750000,0 days 00:00:31.544000,0 days 00:00:44.382000,0 days 00:00:24.824000,216.0,236.0,306.0,303.0,INTERMEDIATE,9.0,True,,100.75,31.544,44.382,24.824
1,3,36.0,BOR,Audi,0 days 00:02:07.460000,0 days 00:00:34.931000,0 days 00:00:59.126000,0 days 00:00:33.403000,168.0,194.0,,309.0,INTERMEDIATE,10.0,True,,127.46,34.931,59.126,33.403
1,3,37.0,BOR,Audi,,,0 days 00:00:46.473000,0 days 00:00:26.145000,222.0,232.0,290.0,139.0,HARD,8.0,False,,,,46.473,26.145
1,3,38.0,BOR,Audi,0 days 00:01:50.145000,0 days 00:00:36.956000,0 days 00:00:47.636000,0 days 00:00:25.553000,210.0,233.0,298.0,300.0,HARD,9.0,False,,110.145,36.956,47.636,25.553
1,3,39.0,BOR,Audi,0 days 00:01:43.551000,0 days 00:00:32.198000,0 days 00:00:46.416000,0 days 00:00:24.937000,218.0,224.0,270.0,302.0,HARD,10.0,False,,103.551,32.198,46.416,24.937
1,3,40.0,BOR,Audi,0 days 00:01:42.149000,0 days 00:00:32.610000,0 days 00:00:44.746000,0 days 00:00:24.793000,216.0,234.0,299.0,291.0,HARD,11.0,False,,102.149,32.61,44.746,24.793
1,3,41.0,BOR,Audi,0 days 00:01:40.747000,0 days 00:00:31.727000,0 days 00:00:44.500000,0 days 00:00:24.520000,216.0,235.0,301.0,300.0,HARD,12.0,False,,100.747,31.727,44.5,24.52
1,3,42.0,BOR,Audi,0 days 00:01:41.118000,0 days 00:00:31.845000,0 days 00:00:44.647000,0 days 00:00:24.626000,217.0,235.0,301.0,300.0,HARD,13.0,False,,101.118,31.845,44.647,24.626
1,3,43.0,BOR,Audi,0 days 00:01:41.004000,0 days 00:00:31.702000,0 days 00:00:44.658000,0 days 00:00:24.644000,217.0,233.0,302.0,301.0,HARD,14.0,False,,101.004,31.702,44.658,24.644
1,3,44.0,BOR,Audi,0 days 00:01:41.340000,0 days 00:00:31.849000,0 days 00:00:44.839000,0 days 00:00:24.652000,218.0,236.0,301.0,302.0,HARD,15.0,False,,101.34,31.849,44.839,24.652
1,3,45.0,BOR,Audi,0 days 00:01:57.748000,0 days 00:00:37.737000,0 days 00:00:48.716000,0 days 00:00:31.295000,212.0,196.0,,301.0,HARD,16.0,False,,117.748,37.737,48.716,31.295
1,3,46.0,BOR,Audi,,,0 days 00:00:47.373000,0 days 00:00:26.598000,212.0,231.0,286.0,171.0,SOFT,1.0,True,,,,47.373,26.598
1,3,47.0,BOR,Audi,0 days 00:01:37.536000,0 days 00:00:30.892000,0 days 00:00:43.034000,0 days 00:00:23.610000,217.0,230.0,301.0,308.0,SOFT,2.0,True,,97.536,30.892,43.034,23.61
1,3,48.0,BOR,Audi,0 days 00:02:18.624000,0 days 00:00:46.161000,0 days 00:01:01.113000,0 days 00:00:31.350000,120.0,207.0,,172.0,SOFT,3.0,True,,138.624,46.161,61.113,31.35
1,3,49.0,BOR,Audi,0 days 00:02:18.758000,0 days 00:01:04.245000,0 days 00:00:47.915000,0 days 00:00:26.598000,198.0,214.0,295.0,118.0,SOFT,4.0,False,,138.758,64.245,47.915,26.598
1,3,50.0,BOR,Audi,0 days 00:01:38.056000,0 days 00:00:31.009000,0 days 00:00:43.264000,0 days 00:00:23.783000,217.0,230.0,295.0,307.0,SOFT,5.0,False,,98.056,31.009,43.264,23.783
1,3,51.0,BOR,Audi,0 days 00:01:59.541000,0 days 00:00:35.940000,0 days 00:00:50.259000,0 days 00:00:33.342000,199.0,196.0,,197.0,SOFT,6.0,False,,119.541,35.94,50.259,33.342
1,3,52.0,BOR,Audi,,,0 days 00:00:51.222000,0 days 00:00:25.358000,200.0,232.0,299.0,181.0,SOFT,7.0,False,,,,51.222,25.358
1,3,53.0,BOR,Audi,0 days 00:01:48.628000,0 days 00:00:31.282000,0 days 00:00:43.782000,0 days 00:00:33.564000,224.0,233.0,,296.0,SOFT,8.0,False,,108.628,31.282,43.782,33.564
2,1,1.0,BOR,Audi,,,0 days 00:00:47.530000,0 days 00:00:27.614000,201.0,231.0,278.0,152.0,HARD,9.0,False,,,,47.53,27.614
2,1,2.0,BOR,Audi,0 days 00:01:39.484000,0 days 00:00:31.557000,0 days 00:00:43.601000,0 days 00:00:24.326000,219.0,238.0,303.0,318.0,HARD,10.0,False,,99.484,31.557,43.601,24.326
2,1,3.0,BOR,Audi,0 days 00:02:05.195000,0 days 00:00:41.612000,0 days 00:00:54.616000,0 days 00:00:28.967000,148.0,220.0,293.0,211.0,HARD,11.0,False,,125.195,41.612,54.616,28.967
2,1,4.0,BOR,Audi,0 days 00:01:43.678000,0 days 00:00:31.167000,0 days 00:00:43.323000,0 days 00:00:29.188000,218.0,246.0,,311.0,HARD,12.0,False,,103.678,31.167,43.323,29.188
2,1,5.0,BOR,Audi,0 days 00:02:28.226000,0 days 00:01:10.636000,0 days 00:00:50.713000,0 days 00:00:26.877000,183.0,232.0,293.0,114.0,HARD,9.0,False,,148.226,70.636,50.713,26.877
2,1,6.0,BOR,Audi,,0 days 00:00:31.099000,0 days 00:00:44.863000,,218.0,233.0,,313.0,HARD,10.0,False,,,31.099,44.863,
2,1,7.0,BOR,Audi,,,0 days 00:00:46.452000,0 days 00:00:28.498000,220.0,228.0,283.0,133.0,HARD,1.0,True,,,,46.452,28.498
2,1,8.0,BOR,Audi,0 days 00:01:36.448000,0 days 00:00:30.480000,0 days 00:00:42.283000,0 days 00:00:23.685000,220.0,248.0,304.0,322.0,HARD,2.0,True,,96.448,30.48,42.283,23.685
2,1,9.0,BOR,Audi,0 days 00:02:23.236000,0 days 00:00:43.784000,0 days 00:01:09.065000,0 days 00:00:30.387000,131.0,198.0,290.0,244.0,HARD,3.0,True,,143.236,43.784,69.065,30.387
2,1,10.0,BOR,Audi,0 days 00:01:36.602000,0 days 00:00:30.621000,0 days 00:00:42.225000,0 days 00:00:23.756000,221.0,248.0,304.0,319.0,HARD,4.0,True,,96.602,30.621,42.225,23.756
2,1,11.0,BOR,Audi,0 days 00:01:58.197000,0 days 00:00:37.146000,0 days 00:00:50.247000,0 days 00:00:30.804000,135.0,221.0,,200.0,HARD,5.0,True,,118.197,37.146,50.247,30.804
2,1,12.0,BOR,Audi,,0 days 00:01:33.556000,0 days 00:00:44.206000,0 days 00:00:24.247000,217.0,239.0,301.0,174.0,HARD,7.0,False,,,93.556,44.206,24.247
2,1,13.0,BOR,Audi,0 days 00:01:38.670000,0 days 00:00:31.382000,0 days 00:00:43.316000,0 days 00:00:23.972000,218.0,238.0,302.0,298.0,HARD,8.0,False,,98.67,31.382,43.316,23.972
2,1,14.0,BOR,Audi,0 days 00:01:38.633000,0 days 00:00:31.233000,0 days 00:00:43.273000,0 days 00:00:24.127000,218.0,238.0,302.0,300.0,HARD,9.0,False,,98.633,31.233,43.273,24.127
2,1,15.0,BOR,Audi,0 days 00:01:38.301000,0 days 00:00:31.163000,0 days 00:00:43.200000,0 days 00:00:23.938000,218.0,238.0,303.0,301.0,HARD,10.0,False,,98.301,31.163,43.2,23.938
2,1,16.0,BOR,Audi,0 days 00:01:38.775000,0 days 00:00:31.257000,0 days 00:00:43.446000,0 days 00:00:24.072000,219.0,237.0,303.0,300.0,HARD,11.0,False,,98.775,31.257,43.446,24.072
2,1,17.0,BOR,Audi,0 days 00:01:38.384000,0 days 00:00:31.296000,0 days 00:00:43.167000,0 days 00:00:23.921000,219.0,238.0,304.0,301.0,HARD,12.0,False,,98.384,31.296,43.167,23.921
2,1,18.0,BOR,Audi,0 days 00:01:38.670000,0 days 00:00:31.104000,0 days 00:00:43.610000,0 days 00:00:23.956000,218.0,238.0,304.0,300.0,HARD,13.0,False,,98.67,31.104,43.61,23.956
2,1,19.0,BOR,Audi,0 days 00:01:38.331000,0 days 00:00:31.252000,0 days 00:00:43.063000,0 days 00:00:24.016000,219.0,239.0,304.0,300.0,HARD,14.0,False,,98.331,31.252,43.063,24.016
2,1,20.0,BOR,Audi,0 days 00:01:38.224000,0 days 00:00:31.118000,0 days 00:00:43.212000,0 days 00:00:23.894000,219.0,239.0,304.0,300.0,HARD,15.0,False,,98.224,31.118,43.212,23.894
2,1,21.0,BOR,Audi,0 days 00:01:38.472000,0 days 00:00:31.236000,0 days 00:00:43.307000,0 days 00:00:23.929000,219.0,239.0,304.0,301.0,HARD,16.0,False,,98.472,31.236,43.307,23.929
2,1,22.0,BOR,Audi,0 days 00:01:41.846000,0 days 00:00:31.142000,0 days 00:00:46.638000,0 days 00:00:24.066000,220.0,239.0,302.0,302.0,HARD,17.0,False,,101.846,31.142,46.638,24.066
2,1,23.0,BOR,Audi,0 days 00:01:38.665000,0 days 00:00:31.347000,0 days 00:00:43.318000,0 days 00:00:24,219.0,239.0,304.0,298.0,HARD,18.0,False,,98.665,31.347,43.318,24.0
2,1,24.0,BOR,Audi,0 days 00:01:42.180000,0 days 00:00:31.306000,0 days 00:00:43.560000,0 days 00:00:27.314000,219.0,246.0,,300.0,HARD,19.0,False,,102.18,31.306,43.56,27.314
2,1,25.0,BOR,Audi,0 days 00:02:08.260000,0 days 00:00:55.296000,0 days 00:00:44.280000,0 days 00:00:28.684000,219.0,243.0,,206.0,HARD,15.0,False,,128.26,55.296,44.28,28.684
2,1,26.0,BOR,Audi,,,0 days 00:00:47.464000,0 days 00:00:27.987000,219.0,217.0,290.0,186.0,HARD,1.0,True,,,,47.464,27.987
2,1,27.0,BOR,Audi,0 days 00:02:04.771000,0 days 00:00:38.665000,0 days 00:00:56.461000,0 days 00:00:29.645000,161.0,225.0,291.0,332.0,HARD,2.0,True,,124.771,38.665,56.461,29.645
2,1,28.0,BOR,Audi,0 days 00:01:36.278000,0 days 00:00:30.570000,0 days 00:00:42.181000,0 days 00:00:23.527000,223.0,249.0,293.0,326.0,HARD,3.0,True,,96.278,30.57,42.181,23.527
2,1,29.0,BOR,Audi,0 days 00:02:20.854000,0 days 00:00:53.253000,0 days 00:01:00.351000,0 days 00:00:27.250000,106.0,216.0,292.0,195.0,HARD,4.0,True,,140.854,53.253,60.351,27.25
2,1,30.0,BOR,Audi,0 days 00:01:36.162000,0 days 00:00:30.549000,0 days 00:00:42.071000,0 days 00:00:23.542000,221.0,250.0,289.0,322.0,HARD,5.0,True,,96.162,30.549,42.071,23.542
2,1,31.0,BOR,Audi,0 days 00:01:50.070000,0 days 00:00:33.736000,0 days 00:00:46.682000,0 days 00:00:29.652000,113.0,238.0,,294.0,HARD,6.0,True,,110.07,33.736,46.682,29.652
2,1,32.0,BOR,Audi,,0 days 00:01:23.572000,0 days 00:00:44.023000,0 days 00:00:24.061000,219.0,241.0,304.0,191.0,HARD,7.0,False,,,83.572,44.023,24.061
2,1,33.0,BOR,Audi,0 days 00:01:37.635000,0 days 00:00:31.052000,0 days 00:00:43.023000,0 days 00:00:23.560000,220.0,239.0,307.0,300.0,HARD,8.0,False,,97.635,31.052,43.023,23.56
2,1,34.0,BOR,Audi,0 days 00:01:37.615000,0 days 00:00:30.890000,0 days 00:00:42.988000,0 days 00:00:23.737000,220.0,239.0,307.0,306.0,HARD,9.0,False,,97.615,30.89,42.988,23.737
2,1,35.0,BOR,Audi,0 days 00:01:37.684000,0 days 00:00:30.857000,0 days 00:00:43.099000,0 days 00:00:23.728000,220.0,239.0,306.0,307.0,HARD,10.0,False,,97.684,30.857,43.099,23.728
2,1,36.0,BOR,Audi,0 days 00:01:38.329000,0 days 00:00:31.009000,0 days 00:00:43.313000,0 days 00:00:24.007000,219.0,240.0,314.0,306.0,HARD,11.0,False,,98.329,31.009,43.313,24.007
2,1,37.0,BOR,Audi,0 days 00:01:37.961000,0 days 00:00:31.007000,0 days 00:00:43.208000,0 days 00:00:23.746000,220.0,239.0,304.0,315.0,HARD,12.0,False,,97.961,31.007,43.208,23.746
2,1,38.0,BOR,Audi,0 days 00:01:38.124000,0 days 00:00:31.151000,0 days 00:00:43.267000,0 days 00:00:23.706000,220.0,239.0,305.0,301.0,HARD,13.0,False,,98.124,31.151,43.267,23.706
2,1,39.0,BOR,Audi,0 days 00:01:38.047000,0 days 00:00:31.137000,0 days 00:00:43.043000,0 days 00:00:23.867000,220.0,239.0,305.0,301.0,HARD,14.0,False,,98.047,31.137,43.043,23.867
2,1,40.0,BOR,Audi,0 days 00:01:39.978000,0 days 00:00:31.210000,0 days 00:00:44.772000,0 days 00:00:23.996000,220.0,239.0,304.0,300.0,HARD,15.0,False,,99.978,31.21,44.772,23.996
2,1,41.0,BOR,Audi,0 days 00:01:38.521000,0 days 00:00:31.319000,0 days 00:00:43.292000,0 days 00:00:23.910000,219.0,239.0,304.0,300.0,HARD,16.0,False,,98.521,31.319,43.292,23.91
2,1,42.0,BOR,Audi,0 days 00:01:38.495000,0 days 00:00:31.226000,0 days 00:00:43.524000,0 days 00:00:23.745000,219.0,239.0,304.0,298.0,HARD,17.0,False,,98.495,31.226,43.524,23.745
2,1,43.0,BOR,Audi,0 days 00:01:44.323000,0 days 00:00:31.271000,0 days 00:00:45.201000,0 days 00:00:27.851000,223.0,240.0,,298.0,HARD,18.0,False,,104.323,31.271,45.201,27.851
2,1,44.0,BOR,Audi,0 days 00:02:08.792000,0 days 00:00:55.858000,0 days 00:00:44.530000,0 days 00:00:28.404000,219.0,230.0,,209.0,HARD,7.0,False,,128.792,55.858,44.53,28.404
2,1,45.0,BOR,Audi,,,0 days 00:00:45.565000,0 days 00:00:26.831000,216.0,232.0,294.0,126.0,HARD,1.0,True,,,,45.565,26.831
2,1,46.0,BOR,Audi,0 days 00:01:35.511000,0 days 00:00:30.274000,0 days 00:00:41.829000,0 days 00:00:23.408000,223.0,250.0,294.0,323.0,HARD,2.0,True,,95.511,30.274,41.829,23.408
2,1,47.0,BOR,Audi,0 days 00:02:06.220000,0 days 00:00:39.214000,0 days 00:00:58.997000,0 days 00:00:28.009000,134.0,175.0,297.0,258.0,HARD,3.0,True,,126.22,39.214,58.997,28.009
2,1,48.0,BOR,Audi,0 days 00:01:35.754000,0 days 00:00:30.333000,0 days 00:00:41.971000,0 days 00:00:23.450000,223.0,250.0,299.0,321.0,HARD,4.0,True,,95.754,30.333,41.971,23.45
2,1,49.0,BOR,Audi,0 days 00:01:47.863000,0 days 00:00:33.852000,0 days 00:00:44.499000,0 days 00:00:29.512000,222.0,233.0,,234.0,HARD,5.0,True,,107.863,33.852,44.499,29.512
2,1,50.0,BOR,Audi,,0 days 00:01:28.696000,0 days 00:00:43.848000,0 days 00:00:27.143000,219.0,241.0,,145.0,HARD,6.0,False,,,88.696,43.848,27.143
2,1,51.0,BOR,Audi,0 days 00:02:08.249000,0 days 00:01:00.096000,0 days 00:00:44.244000,0 days 00:00:23.909000,215.0,240.0,304.0,159.0,HARD,7.0,False,,128.249,60.096,44.244,23.909
2,1,52.0,BOR,Audi,0 days 00:01:38.415000,0 days 00:00:31.312000,0 days 00:00:43.370000,0 days 00:00:23.733000,219.0,237.0,307.0,298.0,HARD,8.0,False,,98.415,31.312,43.37,23.733
2,1,53.0,BOR,Audi,0 days 00:01:37.842000,0 days 00:00:31.010000,0 days 00:00:43.139000,0 days 00:00:23.693000,220.0,237.0,307.0,303.0,HARD,9.0,False,,97.842,31.01,43.139,23.693
2,1,54.0,BOR,Audi,0 days 00:01:37.896000,0 days 00:00:30.883000,0 days 00:00:43.243000,0 days 00:00:23.770000,221.0,238.0,306.0,302.0,HARD,10.0,False,,97.896,30.883,43.243,23.77
2,1,55.0,BOR,Audi,0 days 00:01:37.939000,0 days 00:00:30.936000,0 days 00:00:43.237000,0 days 00:00:23.766000,221.0,238.0,307.0,305.0,HARD,11.0,False,,97.939,30.936,43.237,23.766
2,1,56.0,BOR,Audi,0 days 00:01:38.151000,0 days 00:00:30.762000,0 days 00:00:43.450000,0 days 00:00:23.939000,220.0,238.0,304.0,304.0,HARD,12.0,False,,98.151,30.762,43.45,23.939
2,1,57.0,BOR,Audi,0 days 00:01:38.406000,0 days 00:00:31.191000,0 days 00:00:43.334000,0 days 00:00:23.881000,220.0,237.0,306.0,301.0,HARD,13.0,False,,98.406,31.191,43.334,23.881
2,1,58.0,BOR,Audi,0 days 00:01:38.530000,0 days 00:00:31.005000,0 days 00:00:43.371000,0 days 00:00:24.154000,220.0,238.0,304.0,303.0,HARD,14.0,False,,98.53,31.005,43.371,24.154
2,1,59.0,BOR,Audi,0 days 00:01:38.614000,0 days 00:00:31.102000,0 days 00:00:43.491000,0 days 00:00:24.021000,220.0,238.0,306.0,301.0,HARD,15.0,False,,98.614,31.102,43.491,24.021
2,1,60.0,BOR,Audi,0 days 00:01:38.846000,0 days 00:00:31.082000,0 days 00:00:43.750000,0 days 00:00:24.014000,221.0,238.0,306.0,301.0,HARD,16.0,False,,98.846,31.082,43.75,24.014
2,1,61.0,BOR,Audi,0 days 00:01:42.568000,0 days 00:00:31.137000,0 days 00:00:43.627000,0 days 00:00:27.804000,220.0,245.0,,304.0,HARD,17.0,False,,102.568,31.137,43.627,27.804
2,1,62.0,BOR,Audi,0 days 00:02:17.755000,0 days 00:01:00.112000,0 days 00:00:46.820000,0 days 00:00:30.823000,211.0,222.0,,122.0,HARD,16.0,False,,137.755,60.112,46.82,30.823
2,1,63.0,BOR,Audi,,,0 days 00:00:46.701000,0 days 00:00:27.008000,214.0,240.0,292.0,113.0,MEDIUM,9.0,False,,,,46.701,27.008
2,1,64.0,BOR,Audi,0 days 00:01:35.263000,0 days 00:00:30.063000,0 days 00:00:41.615000,0 days 00:00:23.585000,223.0,250.0,290.0,330.0,MEDIUM,10.0,False,,95.263,30.063,41.615,23.585
2,1,65.0,BOR,Audi,0 days 00:02:12.488000,0 days 00:00:50.195000,0 days 00:00:54.295000,0 days 00:00:27.998000,131.0,207.0,257.0,190.0,MEDIUM,11.0,False,,132.488,50.195,54.295,27.998
2,1,66.0,BOR,Audi,0 days 00:01:49.042000,0 days 00:00:35.954000,0 days 00:00:46.268000,0 days 00:00:26.820000,161.0,235.0,294.0,254.0,MEDIUM,12.0,False,,109.042,35.954,46.268,26.82
2,1,67.0,BOR,Audi,0 days 00:01:40.179000,0 days 00:00:30.209000,0 days 00:00:45.216000,0 days 00:00:24.754000,223.0,237.0,294.0,324.0,MEDIUM,13.0,False,,100.179,30.209,45.216,24.754
2,1,68.0,BOR,Audi,0 days 00:01:38.164000,0 days 00:00:31.177000,0 days 00:00:43.188000,0 days 00:00:23.799000,220.0,237.0,305.0,300.0,MEDIUM,14.0,False,,98.164,31.177,43.188,23.799
2,1,69.0,BOR,Audi,0 days 00:01:38.270000,0 days 00:00:31.125000,0 days 00:00:43.406000,0 days 00:00:23.739000,219.0,237.0,306.0,295.0,MEDIUM,15.0,False,,98.27,31.125,43.406,23.739
2,1,70.0,BOR,Audi,0 days 00:01:49.216000,0 days 00:00:30.964000,0 days 00:00:43.539000,0 days 00:00:34.713000,220.0,236.0,288.0,303.0,MEDIUM,16.0,False,,109.216,30.964,43.539,34.713
2,1,71.0,BOR,Audi,,,,,,,,216.0,MEDIUM,17.0,False,,,,,
2,2,1.0,BOR,Audi,,,0 days 00:00:47.423000,0 days 00:00:30.812000,217.0,217.0,,189.0,MEDIUM,11.0,False,,,,47.423,30.812
2,2,2.0,BOR,Audi,,,0 days 00:00:47.107000,0 days 00:00:27.260000,216.0,230.0,289.0,171.0,MEDIUM,12.0,False,,,,47.107,27.26
2,2,3.0,BOR,Audi,0 days 00:01:38.025000,0 days 00:00:30.967000,0 days 00:00:42.848000,0 days 00:00:24.210000,218.0,239.0,280.0,322.0,MEDIUM,13.0,False,,98.025,30.967,42.848,24.21
2,2,4.0,BOR,Audi,0 days 00:02:21.634000,0 days 00:00:47.931000,0 days 00:01:05.371000,0 days 00:00:28.332000,96.0,171.0,291.0,179.0,MEDIUM,14.0,False,,141.634,47.931,65.371,28.332
2,2,5.0,BOR,Audi,0 days 00:01:37.510000,0 days 00:00:30.786000,0 days 00:00:42.651000,0 days 00:00:24.073000,218.0,242.0,281.0,316.0,MEDIUM,15.0,False,,97.51,30.786,42.651,24.073
2,2,6.0,BOR,Audi,0 days 00:02:18.435000,0 days 00:00:36.278000,0 days 00:01:13.669000,0 days 00:00:28.488000,159.0,163.0,294.0,275.0,MEDIUM,16.0,False,,138.435,36.278,73.669,28.488
2,2,7.0,BOR,Audi,0 days 00:01:38.080000,0 days 00:00:30.848000,0 days 00:00:43.080000,0 days 00:00:24.152000,218.0,238.0,283.0,316.0,MEDIUM,17.0,False,,98.08,30.848,43.08,24.152
2,2,8.0,BOR,Audi,0 days 00:01:56.317000,0 days 00:00:35.272000,0 days 00:00:50.487000,0 days 00:00:30.558000,191.0,200.0,,260.0,MEDIUM,18.0,False,,116.317,35.272,50.487,30.558
2,2,9.0,BOR,Audi,,,0 days 00:00:46.403000,0 days 00:00:26.845000,216.0,228.0,300.0,131.0,MEDIUM,1.0,True,,,,46.403,26.845
2,2,10.0,BOR,Audi,0 days 00:01:35.741000,0 days 00:00:30.178000,0 days 00:00:41.936000,0 days 00:00:23.627000,224.0,244.0,280.0,330.0,MEDIUM,2.0,True,,95.741,30.178,41.936,23.627
2,2,11.0,BOR,Audi,0 days 00:02:24.819000,0 days 00:00:47.735000,0 days 00:01:04.271000,0 days 00:00:32.813000,130.0,140.0,297.0,208.0,MEDIUM,3.0,True,,144.819,47.735,64.271,32.813
2,2,12.0,BOR,Audi,0 days 00:01:45.240000,0 days 00:00:30.184000,0 days 00:00:47.985000,0 days 00:00:27.071000,223.0,203.0,265.0,328.0,MEDIUM,4.0,True,,105.24,30.184,47.985,27.071
2,2,13.0,BOR,Audi,0 days 00:01:38.793000,0 days 00:00:31.762000,0 days 00:00:43.291000,0 days 00:00:23.740000,221.0,242.0,307.0,290.0,MEDIUM,5.0,True,,98.793,31.762,43.291,23.74
2,2,14.0,BOR,Audi,0 days 00:01:37.617000,0 days 00:00:30.869000,0 days 00:00:43.134000,0 days 00:00:23.614000,221.0,239.0,307.0,309.0,MEDIUM,6.0,True,,97.617,30.869,43.134,23.614
2,2,15.0,BOR,Audi,0 days 00:01:38.733000,0 days 00:00:31.024000,0 days 00:00:43.807000,0 days 00:00:23.902000,221.0,240.0,308.0,308.0,MEDIUM,7.0,True,,98.733,31.024,43.807,23.902
2,2,16.0,BOR,Audi,0 days 00:01:39.024000,0 days 00:00:31.346000,0 days 00:00:43.801000,0 days 00:00:23.877000,219.0,239.0,308.0,310.0,MEDIUM,8.0,True,,99.024,31.346,43.801,23.877
2,2,17.0,BOR,Audi,0 days 00:01:39.267000,0 days 00:00:31.272000,0 days 00:00:44.051000,0 days 00:00:23.944000,221.0,241.0,309.0,307.0,MEDIUM,9.0,True,,99.267,31.272,44.051,23.944
2,2,18.0,BOR,Audi,0 days 00:01:46.578000,0 days 00:00:32.804000,0 days 00:00:45.757000,0 days 00:00:28.017000,221.0,220.0,,311.0,MEDIUM,10.0,True,,106.578,32.804,45.757,28.017
2,2,19.0,BOR,Audi,,,0 days 00:00:47.229000,0 days 00:00:27.855000,218.0,224.0,292.0,131.0,MEDIUM,1.0,True,,,,47.229,27.855
2,2,20.0,BOR,Audi,0 days 00:02:08.328000,0 days 00:00:30.122000,0 days 00:01:00.278000,0 days 00:00:37.928000,226.0,154.0,,337.0,MEDIUM,2.0,True,,128.328,30.122,60.278,37.928
2,2,21.0,BOR,Audi,,0 days 00:01:09.955000,0 days 00:00:57.428000,0 days 00:00:27.678000,141.0,219.0,299.0,130.0,MEDIUM,3.0,False,,,69.955,57.428,27.678
2,2,22.0,BOR,Audi,0 days 00:01:37.094000,0 days 00:00:30.159000,0 days 00:00:43.138000,0 days 00:00:23.797000,225.0,242.0,277.0,334.0,MEDIUM,4.0,False,,97.094,30.159,43.138,23.797
2,2,23.0,BOR,Audi,0 days 00:01:42.105000,0 days 00:00:34.486000,0 days 00:00:43.709000,0 days 00:00:23.910000,220.0,240.0,306.0,237.0,MEDIUM,5.0,False,,102.105,34.486,43.709,23.91
2,2,24.0,BOR,Audi,0 days 00:01:40.096000,0 days 00:00:31.197000,0 days 00:00:44.897000,0 days 00:00:24.002000,221.0,240.0,307.0,303.0,MEDIUM,6.0,False,,100.096,31.197,44.897,24.002
2,2,25.0,BOR,Audi,0 days 00:01:44.027000,0 days 00:00:31.149000,0 days 00:00:44.648000,0 days 00:00:28.230000,221.0,219.0,,302.0,MEDIUM,7.0,False,,104.027,31.149,44.648,28.23
2,2,26.0,BOR,Audi,,,0 days 00:00:47.936000,0 days 00:00:27.286000,216.0,225.0,295.0,157.0,TEST_UNKNOWN,1.0,True,,,,47.936,27.286
2,2,27.0,BOR,Audi,0 days 00:01:35.263000,0 days 00:00:29.909000,0 days 00:00:41.803000,0 days 00:00:23.551000,225.0,251.0,284.0,331.0,TEST_UNKNOWN,2.0,True,,95.263,29.909,41.803,23.551
2,2,28.0,BOR,Audi,0 days 00:02:17.579000,0 days 00:00:39.032000,0 days 00:01:08.945000,0 days 00:00:29.602000,167.0,141.0,297.0,205.0,TEST_UNKNOWN,3.0,True,,137.579,39.032,68.945,29.602
2,2,29.0,BOR,Audi,0 days 00:01:54.222000,0 days 00:00:30.672000,0 days 00:00:50.992000,0 days 00:00:32.558000,225.0,115.0,,327.0,TEST_UNKNOWN,4.0,True,,114.222,30.672,50.992,32.558
2,3,1.0,BOR,Audi,,,0 days 00:00:45.658000,0 days 00:00:25.053000,222.0,232.0,275.0,189.0,TEST_UNKNOWN,13.0,False,,,,45.658,25.053
2,3,2.0,BOR,Audi,0 days 00:01:42.419000,0 days 00:00:32.513000,0 days 00:00:45.031000,0 days 00:00:24.875000,216.0,233.0,295.0,287.0,TEST_UNKNOWN,14.0,False,,102.419,32.513,45.031,24.875
2,3,3.0,BOR,Audi,0 days 00:01:44.621000,0 days 00:00:31.929000,0 days 00:00:44.692000,0 days 00:00:28,215.0,237.0,,293.0,TEST_UNKNOWN,15.0,False,,104.621,31.929,44.692,28.0
2,3,4.0,BOR,Audi,,,0 days 00:00:46.449000,0 days 00:00:31.266000,218.0,201.0,,166.0,MEDIUM,1.0,True,,,,46.449,31.266
2,3,5.0,BOR,Audi,0 days 00:02:17.354000,0 days 00:01:08.230000,0 days 00:00:44.875000,0 days 00:00:24.249000,215.0,233.0,302.0,168.0,MEDIUM,1.0,False,,137.354,68.23,44.875,24.249
2,3,6.0,BOR,Audi,0 days 00:01:40.150000,0 days 00:00:31.351000,0 days 00:00:44.546000,0 days 00:00:24.253000,217.0,233.0,301.0,302.0,MEDIUM,2.0,False,,100.15,31.351,44.546,24.253
2,3,7.0,BOR,Audi,0 days 00:01:40.386000,0 days 00:00:31.534000,0 days 00:00:44.498000,0 days 00:00:24.354000,216.0,233.0,298.0,298.0,MEDIUM,3.0,False,,100.386,31.534,44.498,24.354
2,3,8.0,BOR,Audi,0 days 00:01:40.246000,0 days 00:00:31.644000,0 days 00:00:44.248000,0 days 00:00:24.354000,215.0,233.0,298.0,294.0,MEDIUM,4.0,False,,100.246,31.644,44.248,24.354
2,3,9.0,BOR,Audi,0 days 00:01:40.594000,0 days 00:00:31.674000,0 days 00:00:44.468000,0 days 00:00:24.452000,216.0,233.0,297.0,295.0,MEDIUM,5.0,False,,100.594,31.674,44.468,24.452
2,3,10.0,BOR,Audi,0 days 00:01:40.528000,0 days 00:00:31.699000,0 days 00:00:44.425000,0 days 00:00:24.404000,216.0,233.0,297.0,294.0,MEDIUM,6.0,False,,100.528,31.699,44.425,24.404
2,3,11.0,BOR,Audi,0 days 00:01:40.611000,0 days 00:00:31.677000,0 days 00:00:44.398000,0 days 00:00:24.536000,217.0,234.0,297.0,294.0,MEDIUM,7.0,False,,100.611,31.677,44.398,24.536
2,3,12.0,BOR,Audi,0 days 00:01:40.758000,0 days 00:00:31.783000,0 days 00:00:44.546000,0 days 00:00:24.429000,215.0,233.0,297.0,294.0,MEDIUM,8.0,False,,100.758,31.783,44.546,24.429
2,3,13.0,BOR,Audi,0 days 00:01:40.849000,0 days 00:00:31.852000,0 days 00:00:44.533000,0 days 00:00:24.464000,216.0,233.0,297.0,291.0,MEDIUM,9.0,False,,100.849,31.852,44.533,24.464
2,3,14.0,BOR,Audi,0 days 00:01:40.880000,0 days 00:00:31.969000,0 days 00:00:44.424000,0 days 00:00:24.487000,216.0,233.0,297.0,291.0,MEDIUM,10.0,False,,100.88,31.969,44.424,24.487
2,3,15.0,BOR,Audi,0 days 00:01:40.937000,0 days 00:00:31.870000,0 days 00:00:44.563000,0 days 00:00:24.504000,215.0,234.0,297.0,290.0,MEDIUM,11.0,False,,100.937,31.87,44.563,24.504
2,3,16.0,BOR,Audi,0 days 00:01:41.211000,0 days 00:00:31.922000,0 days 00:00:44.765000,0 days 00:00:24.524000,216.0,233.0,297.0,290.0,MEDIUM,12.0,False,,101.211,31.922,44.765,24.524
2,3,17.0,BOR,Audi,0 days 00:01:42.338000,0 days 00:00:31.924000,0 days 00:00:45.801000,0 days 00:00:24.613000,216.0,232.0,297.0,293.0,MEDIUM,13.0,False,,102.338,31.924,45.801,24.613
2,3,18.0,BOR,Audi,0 days 00:01:44.448000,0 days 00:00:31.950000,0 days 00:00:44.632000,0 days 00:00:27.866000,216.0,238.0,,292.0,MEDIUM,14.0,False,,104.448,31.95,44.632,27.866
2,3,19.0,BOR,Audi,0 days 00:02:05.929000,0 days 00:00:58.176000,0 days 00:00:43.831000,0 days 00:00:23.922000,217.0,240.0,301.0,208.0,HARD,1.0,True,,125.929,58.176,43.831,23.922
2,3,20.0,BOR,Audi,0 days 00:01:39.087000,0 days 00:00:31.265000,0 days 00:00:43.837000,0 days 00:00:23.985000,218.0,233.0,300.0,296.0,HARD,2.0,True,,99.087,31.265,43.837,23.985
2,3,21.0,BOR,Audi,0 days 00:01:38.959000,0 days 00:00:31.310000,0 days 00:00:43.659000,0 days 00:00:23.990000,218.0,235.0,298.0,295.0,HARD,3.0,True,,98.959,31.31,43.659,23.99
2,3,22.0,BOR,Audi,0 days 00:01:39.461000,0 days 00:00:31.631000,0 days 00:00:43.807000,0 days 00:00:24.023000,217.0,235.0,298.0,293.0,HARD,4.0,True,,99.461,31.631,43.807,24.023
2,3,23.0,BOR,Audi,0 days 00:01:39.351000,0 days 00:00:31.469000,0 days 00:00:43.793000,0 days 00:00:24.089000,217.0,235.0,298.0,292.0,HARD,5.0,True,,99.351,31.469,43.793,24.089
2,3,24.0,BOR,Audi,0 days 00:01:39.370000,0 days 00:00:31.458000,0 days 00:00:43.801000,0 days 00:00:24.111000,218.0,235.0,299.0,294.0,HARD,6.0,True,,99.37,31.458,43.801,24.111
2,3,25.0,BOR,Audi,0 days 00:01:39.735000,0 days 00:00:31.532000,0 days 00:00:44.045000,0 days 00:00:24.158000,218.0,236.0,299.0,291.0,HARD,7.0,True,,99.735,31.532,44.045,24.158
2,3,26.0,BOR,Audi,0 days 00:01:39.924000,0 days 00:00:31.510000,0 days 00:00:43.927000,0 days 00:00:24.487000,218.0,235.0,307.0,296.0,HARD,8.0,True,,99.924,31.51,43.927,24.487
2,3,27.0,BOR,Audi,0 days 00:01:40.565000,0 days 00:00:31.907000,0 days 00:00:44.432000,0 days 00:00:24.226000,220.0,236.0,303.0,299.0,HARD,9.0,True,,100.565,31.907,44.432,24.226
2,3,28.0,BOR,Audi,0 days 00:01:39.778000,0 days 00:00:31.508000,0 days 00:00:43.995000,0 days 00:00:24.275000,217.0,235.0,301.0,300.0,HARD,10.0,True,,99.778,31.508,43.995,24.275
2,3,29.0,BOR,Audi,0 days 00:01:39.850000,0 days 00:00:31.537000,0 days 00:00:44.012000,0 days 00:00:24.301000,217.0,236.0,300.0,299.0,HARD,11.0,True,,99.85,31.537,44.012,24.301
2,3,30.0,BOR,Audi,0 days 00:01:40.817000,0 days 00:00:31.524000,0 days 00:00:44.887000,0 days 00:00:24.406000,218.0,234.0,298.0,295.0,HARD,12.0,True,,100.817,31.524,44.887,24.406
2,3,31.0,BOR,Audi,0 days 00:01:39.914000,0 days 00:00:31.588000,0 days 00:00:44.130000,0 days 00:00:24.196000,219.0,236.0,299.0,295.0,HARD,13.0,True,,99.914,31.588,44.13,24.196
2,3,32.0,BOR,Audi,0 days 00:01:39.986000,0 days 00:00:31.581000,0 days 00:00:44.183000,0 days 00:00:24.222000,218.0,236.0,299.0,295.0,HARD,14.0,True,,99.986,31.581,44.183,24.222
2,3,33.0,BOR,Audi,0 days 00:01:40.376000,0 days 00:00:31.599000,0 days 00:00:44.434000,0 days 00:00:24.343000,219.0,236.0,300.0,295.0,HARD,15.0,True,,100.376,31.599,44.434,24.343
2,3,34.0,BOR,Audi,0 days 00:01:39.810000,0 days 00:00:31.549000,0 days 00:00:43.978000,0 days 00:00:24.283000,218.0,236.0,300.0,295.0,HARD,16.0,True,,99.81,31.549,43.978,24.283
2,3,35.0,BOR,Audi,0 days 00:01:39.765000,0 days 00:00:31.558000,0 days 00:00:43.957000,0 days 00:00:24.250000,218.0,236.0,299.0,296.0,HARD,17.0,True,,99.765,31.558,43.957,24.25
2,3,36.0,BOR,Audi,0 days 00:01:40.114000,0 days 00:00:31.593000,0 days 00:00:44.250000,0 days 00:00:24.271000,218.0,236.0,300.0,295.0,HARD,18.0,True,,100.114,31.593,44.25,24.271
2,3,37.0,BOR,Audi,0 days 00:01:40.192000,0 days 00:00:31.698000,0 days 00:00:44.181000,0 days 00:00:24.313000,218.0,237.0,300.0,296.0,HARD,19.0,True,,100.192,31.698,44.181,24.313
2,3,38.0,BOR,Audi,0 days 00:01:40.049000,0 days 00:00:31.605000,0 days 00:00:44.197000,0 days 00:00:24.247000,220.0,236.0,302.0,297.0,HARD,20.0,True,,100.049,31.605,44.197,24.247
2,3,39.0,BOR,Audi,0 days 00:01:40.178000,0 days 00:00:31.620000,0 days 00:00:44.249000,0 days 00:00:24.309000,218.0,236.0,301.0,300.0,HARD,21.0,True,,100.178,31.62,44.249,24.309
2,3,40.0,BOR,Audi,0 days 00:01:40.119000,0 days 00:00:31.764000,0 days 00:00:44.020000,0 days 00:00:24.335000,219.0,236.0,302.0,297.0,HARD,22.0,True,,100.119,31.764,44.02,24.335
2,3,41.0,BOR,Audi,0 days 00:01:40.021000,0 days 00:00:31.640000,0 days 00:00:44.056000,0 days 00:00:24.325000,219.0,237.0,302.0,298.0,HARD,23.0,True,,100.021,31.64,44.056,24.325
2,3,42.0,BOR,Audi,0 days 00:01:40.216000,0 days 00:00:31.599000,0 days 00:00:44.222000,0 days 00:00:24.395000,219.0,237.0,306.0,300.0,HARD,24.0,True,,100.216,31.599,44.222,24.395
2,3,43.0,BOR,Audi,0 days 00:01:44.540000,0 days 00:00:31.731000,0 days 00:00:44.253000,0 days 00:00:28.556000,217.0,242.0,,308.0,HARD,25.0,True,,104.54,31.731,44.253,28.556
2,3,44.0,BOR,Audi,0 days 00:02:02.318000,0 days 00:00:55.501000,0 days 00:00:43.207000,0 days 00:00:23.610000,219.0,238.0,305.0,222.0,HARD,1.0,True,,122.318,55.501,43.207,23.61
2,3,45.0,BOR,Audi,0 days 00:01:37.294000,0 days 00:00:30.811000,0 days 00:00:42.903000,0 days 00:00:23.580000,221.0,238.0,303.0,299.0,HARD,2.0,True,,97.294,30.811,42.903,23.58
2,3,46.0,BOR,Audi,0 days 00:01:37.519000,0 days 00:00:31.019000,0 days 00:00:42.858000,0 days 00:00:23.642000,221.0,237.0,302.0,296.0,HARD,3.0,True,,97.519,31.019,42.858,23.642
2,3,47.0,BOR,Audi,0 days 00:01:37.686000,0 days 00:00:31.040000,0 days 00:00:42.949000,0 days 00:00:23.697000,221.0,237.0,300.0,299.0,HARD,4.0,True,,97.686,31.04,42.949,23.697
2,3,48.0,BOR,Audi,0 days 00:01:37.917000,0 days 00:00:31.185000,0 days 00:00:43.081000,0 days 00:00:23.651000,221.0,237.0,302.0,295.0,HARD,5.0,True,,97.917,31.185,43.081,23.651
2,3,49.0,BOR,Audi,0 days 00:01:37.880000,0 days 00:00:31.069000,0 days 00:00:43.172000,0 days 00:00:23.639000,220.0,238.0,302.0,296.0,HARD,6.0,True,,97.88,31.069,43.172,23.639
2,3,50.0,BOR,Audi,0 days 00:01:37.726000,0 days 00:00:31.079000,0 days 00:00:42.938000,0 days 00:00:23.709000,222.0,238.0,301.0,296.0,HARD,7.0,True,,97.726,31.079,42.938,23.709
2,3,51.0,BOR,Audi,0 days 00:01:37.892000,0 days 00:00:31.150000,0 days 00:00:43.065000,0 days 00:00:23.677000,221.0,238.0,302.0,296.0,HARD,8.0,True,,97.892,31.15,43.065,23.677
2,3,52.0,BOR,Audi,0 days 00:01:38.248000,0 days 00:00:31.197000,0 days 00:00:43.342000,0 days 00:00:23.709000,221.0,238.0,302.0,297.0,HARD,9.0,True,,98.248,31.197,43.342,23.709
2,3,53.0,BOR,Audi,0 days 00:01:38.587000,0 days 00:00:31.107000,0 days 00:00:43.622000,0 days 00:00:23.858000,221.0,237.0,302.0,296.0,HARD,10.0,True,,98.587,31.107,43.622,23.858
2,3,54.0,BOR,Audi,0 days 00:01:38.337000,0 days 00:00:31.209000,0 days 00:00:43.346000,0 days 00:00:23.782000,221.0,238.0,301.0,296.0,HARD,11.0,True,,98.337,31.209,43.346,23.782
2,3,55.0,BOR,Audi,0 days 00:01:48.652000,0 days 00:00:33.428000,0 days 00:00:45.382000,0 days 00:00:29.842000,222.0,219.0,,296.0,HARD,12.0,True,,108.652,33.428,45.382,29.842
2,3,56.0,BOR,Audi,,0 days 00:01:22.604000,0 days 00:00:43.847000,0 days 00:00:23.781000,220.0,239.0,305.0,192.0,MEDIUM,1.0,True,,,82.604,43.847,23.781
2,3,57.0,BOR,Audi,0 days 00:01:36.022000,0 days 00:00:30.570000,0 days 00:00:42.073000,0 days 00:00:23.379000,222.0,239.0,302.0,300.0,MEDIUM,2.0,True,,96.022,30.57,42.073,23.379
2,3,58.0,BOR,Audi,0 days 00:01:36.973000,0 days 00:00:30.790000,0 days 00:00:42.657000,0 days 00:00:23.526000,223.0,239.0,304.0,297.0,MEDIUM,3.0,True,,96.973,30.79,42.657,23.526
2,3,59.0,BOR,Audi,0 days 00:01:36.890000,0 days 00:00:30.829000,0 days 00:00:42.591000,0 days 00:00:23.470000,222.0,239.0,305.0,298.0,MEDIUM,4.0,True,,96.89,30.829,42.591,23.47
2,3,60.0,BOR,Audi,0 days 00:01:37.500000,0 days 00:00:30.781000,0 days 00:00:42.928000,0 days 00:00:23.791000,223.0,240.0,316.0,299.0,MEDIUM,5.0,True,,97.5,30.781,42.928,23.791
2,3,61.0,BOR,Audi,0 days 00:01:37.156000,0 days 00:00:30.697000,0 days 00:00:42.805000,0 days 00:00:23.654000,223.0,238.0,303.0,299.0,MEDIUM,6.0,True,,97.156,30.697,42.805,23.654
2,3,62.0,BOR,Audi,0 days 00:01:44.970000,0 days 00:00:31.994000,0 days 00:00:43.765000,0 days 00:00:29.211000,232.0,237.0,,293.0,MEDIUM,7.0,True,,104.97,31.994,43.765,29.211
2,3,63.0,BOR,Audi,,,0 days 00:00:44.595000,0 days 00:00:34.328000,227.0,240.0,295.0,145.0,MEDIUM,1.0,True,,,,44.595,34.328
2,3,64.0,BOR,Audi,0 days 00:01:34.215000,0 days 00:00:29.848000,0 days 00:00:40.994000,0 days 00:00:23.373000,227.0,251.0,273.0,307.0,MEDIUM,2.0,True,,94.215,29.848,40.994,23.373
2,3,65.0,BOR,Audi,,0 days 00:00:48.407000,0 days 00:01:22.775000,0 days 00:00:32.650000,124.0,110.0,293.0,185.0,MEDIUM,3.0,True,,,48.407,82.775,32.65
2,3,66.0,BOR,Audi,0 days 00:01:34.365000,0 days 00:00:29.901000,0 days 00:00:41.177000,0 days 00:00:23.287000,227.0,251.0,272.0,317.0,MEDIUM,4.0,True,,94.365,29.901,41.177,23.287
2,3,67.0,BOR,Audi,0 days 00:01:52.596000,0 days 00:00:33.370000,0 days 00:00:49.844000,0 days 00:00:29.382000,220.0,234.0,,252.0,MEDIUM,5.0,True,,112.596,33.37,49.844,29.382
2,3,68.0,BOR,Audi,,,0 days 00:00:46.208000,0 days 00:00:26.944000,227.0,222.0,295.0,185.0,MEDIUM,5.0,False,,,,46.208,26.944
2,3,69.0,BOR,Audi,0 days 00:01:33.755000,0 days 00:00:29.760000,0 days 00:00:40.807000,0 days 00:00:23.188000,227.0,251.0,276.0,309.0,MEDIUM,6.0,False,,93.755,29.76,40.807,23.188
2,3,70.0,BOR,Audi,,0 days 00:00:52.927000,0 days 00:01:19.581000,0 days 00:00:48.858000,66.0,154.0,293.0,180.0,MEDIUM,7.0,False,,,52.927,79.581,48.858
2,3,71.0,BOR,Audi,,0 days 00:00:30.695000,0 days 00:00:44.449000,,228.0,223.0,,299.0,MEDIUM,8.0,False,,,30.695,44.449,
